"","target","synset","pos","t","gold","X","ref","synset_def","synset_size","synset_words","wn_pos","prov","comments","explanation"
"1","aeroplane","airplane.n.01","n",1905,0,22,"plane","an aircraft that has a fixed wing and is powered by propellers or jets",3,"airplane/aeroplane/plane","n","WSE","new sense","introduction of airoplane"
"2","aeroplane","airplane.n.01","n",1905,0,19,"airplane","an aircraft that has a fixed wing and is powered by propellers or jets",3,"airplane/aeroplane/plane","n","WSE","new sense","introduction of airoplane"
"3","aeroplane","airplane.n.01","n",1914,0,20,"plane","an aircraft that has a fixed wing and is powered by propellers or jets",3,"airplane/aeroplane/plane","n","WSE","broadened sense","used as a weapon first time"
"4","aeroplane","airplane.n.01","n",1914,0,17,"airplane","an aircraft that has a fixed wing and is powered by propellers or jets",3,"airplane/aeroplane/plane","n","WSE","broadened sense","used as a weapon first time"
"5","aeroplane","airplane.n.01","n",1919,0,21,"plane","an aircraft that has a fixed wing and is powered by propellers or jets",3,"airplane/aeroplane/plane","n","WSE","broadened sense","type of common transportation: the first international commercial flights took place between the United States and Canada in 1919 wikipedia"
"6","aeroplane","airplane.n.01","n",1919,0,18,"airplane","an aircraft that has a fixed wing and is powered by propellers or jets",3,"airplane/aeroplane/plane","n","WSE","broadened sense","type of common transportation: the first international commercial flights took place between the United States and Canada in 1919 wikipedia"
"7","automobile","car.n.01","n",1886,0,23,"car","a motor vehicle with four wheels/ usually propelled by an internal combustion engine",5,"car/auto/automobile/machine/motorcar","n","WSE","new sense","introduction of the modern automobile"
"8","automobile","car.n.01","n",1886,0,24,"auto","a motor vehicle with four wheels/ usually propelled by an internal combustion engine",5,"car/auto/automobile/machine/motorcar","n","WSE","new sense","introduction of the modern automobile"
"9","automobile","car.n.01","n",1886,0,26,"motorcar","a motor vehicle with four wheels/ usually propelled by an internal combustion engine",5,"car/auto/automobile/machine/motorcar","n","WSE","new sense","introduction of the modern automobile"
"10","automobile","car.n.01","n",1886,0,25,"machine","a motor vehicle with four wheels/ usually propelled by an internal combustion engine",5,"car/auto/automobile/machine/motorcar","n","WSE","new sense","introduction of the modern automobile"
"11","bitch","cunt.n.01","n",1970,1,27,"cunt","a person /usually but not necessarily a woman/ who is thoroughly disliked",2,"cunt/bitch","n","WSE","new related sense","By 1974, Elton John had a hit single (#4 in the U.S. and #14 in the U.K.) with ""The Bitch Is Back"", in which he says ""bitch"" repeatedly."
"12","bitch","gripe.n.01","n",1970,0,28,"gripe","informal terms for objecting",5,"gripe/kick/beef/bitch/squawk","n","WSE","new related sense","By 1974, Elton John had a hit single (#4 in the U.S. and #14 in the U.K.) with ""The Bitch Is Back"", in which he says ""bitch"" repeatedly."
"13","bitch","gripe.n.01","n",1970,0,29,"kick","informal terms for objecting",5,"gripe/kick/beef/bitch/squawk","n","WSE","new related sense","By 1974, Elton John had a hit single (#4 in the U.S. and #14 in the U.K.) with ""The Bitch Is Back"", in which he says ""bitch"" repeatedly."
"14","bitch","gripe.n.01","n",1970,0,31,"squawk","informal terms for objecting",5,"gripe/kick/beef/bitch/squawk","n","WSE","new related sense","By 1974, Elton John had a hit single (#4 in the U.S. and #14 in the U.K.) with ""The Bitch Is Back"", in which he says ""bitch"" repeatedly."
"15","bitch","gripe.n.01","n",1970,0,30,"beef","informal terms for objecting",5,"gripe/kick/beef/bitch/squawk","n","WSE","new related sense","By 1974, Elton John had a hit single (#4 in the U.S. and #14 in the U.K.) with ""The Bitch Is Back"", in which he says ""bitch"" repeatedly."
"16","camera","camera.n.01","n",1826,1,33,"photographic_camera","equipment for taking photographs /usually consisting of a lightproof box with a lens at one end and light/sensitive film at the other/",2,"camera/photographic_camera","n","WSE","new related sense","The first permanent photograph of a camera image was made in 1826 by Joseph Nicéphore Niépce"
"17","camera","camera.n.01","n",1975,0,32,"photographic_camera","equipment for taking photographs /usually consisting of a lightproof box with a lens at one end and light/sensitive film at the other/",2,"camera/photographic_camera","n","WSE","broadened sense","digital camera"
"18","camera","television_camera.n.01","n",1826,0,35,"television_camera","television equipment consisting of a lens system that focuses an image on a photosensitive mosaic that is scanned by an electron beam",3,"television_camera/tv_camera/camera","n","WSE","new related sense","The first permanent photograph of a camera image was made in 1826 by Joseph Nicéphore Niépce"
"19","camera","television_camera.n.01","n",1826,0,37,"tv_camera","television equipment consisting of a lens system that focuses an image on a photosensitive mosaic that is scanned by an electron beam",3,"television_camera/tv_camera/camera","n","WSE","new related sense","The first permanent photograph of a camera image was made in 1826 by Joseph Nicéphore Niépce"
"20","camera","television_camera.n.01","n",1975,0,36,"tv_camera","television equipment consisting of a lens system that focuses an image on a photosensitive mosaic that is scanned by an electron beam",3,"television_camera/tv_camera/camera","n","WSE","broadened sense","digital camera"
"21","camera","television_camera.n.01","n",1975,0,34,"television_camera","television equipment consisting of a lens system that focuses an image on a photosensitive mosaic that is scanned by an electron beam",3,"television_camera/tv_camera/camera","n","WSE","broadened sense","digital camera"
"22","car","cable_car.n.01","n",1895,0,47,"cable_car","a conveyance for passengers or freight on a cable railway",2,"cable_car/car","n","WSE","broadened sense","introduction of the modern automobile, the word used for an automobile"
"23","car","car.n.01","n",1895,1,41,"motorcar","a motor vehicle with four wheels/ usually propelled by an internal combustion engine",5,"car/auto/automobile/machine/motorcar","n","WSE","broadened sense","introduction of the modern automobile, the word used for an automobile"
"24","car","car.n.01","n",1895,1,40,"machine","a motor vehicle with four wheels/ usually propelled by an internal combustion engine",5,"car/auto/automobile/machine/motorcar","n","WSE","broadened sense","introduction of the modern automobile, the word used for an automobile"
"25","car","car.n.01","n",1895,1,39,"automobile","a motor vehicle with four wheels/ usually propelled by an internal combustion engine",5,"car/auto/automobile/machine/motorcar","n","WSE","broadened sense","introduction of the modern automobile, the word used for an automobile"
"26","car","car.n.01","n",1895,1,38,"auto","a motor vehicle with four wheels/ usually propelled by an internal combustion engine",5,"car/auto/automobile/machine/motorcar","n","WSE","broadened sense","introduction of the modern automobile, the word used for an automobile"
"27","car","car.n.02","n",1895,0,43,"railway_car","a wheeled vehicle adapted to the rails of railroad",4,"car/railcar/railway_car/railroad_car","n","WSE","broadened sense","introduction of the modern automobile, the word used for an automobile"
"28","car","car.n.02","n",1895,0,42,"railcar","a wheeled vehicle adapted to the rails of railroad",4,"car/railcar/railway_car/railroad_car","n","WSE","broadened sense","introduction of the modern automobile, the word used for an automobile"
"29","car","car.n.02","n",1895,0,44,"railroad_car","a wheeled vehicle adapted to the rails of railroad",4,"car/railcar/railway_car/railroad_car","n","WSE","broadened sense","introduction of the modern automobile, the word used for an automobile"
"30","car","car.n.03","n",1895,0,45,"gondola","the compartment that is suspended from an airship and that carries personnel and the cargo and the power plant",2,"car/gondola","n","WSE","broadened sense","introduction of the modern automobile, the word used for an automobile"
"31","car","car.n.04","n",1895,0,46,"elevator_car","where passengers ride up and down",2,"car/elevator_car","n","WSE","broadened sense","introduction of the modern automobile, the word used for an automobile"
"32","cinema","cinema.n.02","n",1900,0,50,"movie_theater","a theater where films are shown",5,"cinema/movie_theater/movie_theatre/movie_house/picture_palace","n","WSE","new sense",""
"33","cinema","cinema.n.02","n",1900,0,51,"movie_theatre","a theater where films are shown",5,"cinema/movie_theater/movie_theatre/movie_house/picture_palace","n","WSE","new sense",""
"34","cinema","cinema.n.02","n",1900,0,52,"movie_house","a theater where films are shown",5,"cinema/movie_theater/movie_theatre/movie_house/picture_palace","n","WSE","new sense",""
"35","cinema","cinema.n.02","n",1900,0,53,"picture_palace","a theater where films are shown",5,"cinema/movie_theater/movie_theatre/movie_house/picture_palace","n","WSE","new sense",""
"36","cinema","film.n.02","n",1900,0,48,"film","a medium that disseminates moving pictures",3,"film/cinema/celluloid","n","WSE","new sense",""
"37","cinema","film.n.02","n",1900,0,49,"celluloid","a medium that disseminates moving pictures",3,"film/cinema/celluloid","n","WSE","new sense",""
"38","computer","calculator.n.01","n",1940,0,81,"reckoner","an expert at calculation /or at operating calculating machines/",5,"calculator/reckoner/figurer/estimator/computer","n","WSE","new sense","The first computer devices were conceived of in the 19th century, and only emerged in their modern form in the 1940s."
"39","computer","calculator.n.01","n",1940,0,89,"estimator","an expert at calculation /or at operating calculating machines/",5,"calculator/reckoner/figurer/estimator/computer","n","WSE","new sense","The first computer devices were conceived of in the 19th century, and only emerged in their modern form in the 1940s."
"40","computer","calculator.n.01","n",1940,0,77,"calculator","an expert at calculation /or at operating calculating machines/",5,"calculator/reckoner/figurer/estimator/computer","n","WSE","new sense","The first computer devices were conceived of in the 19th century, and only emerged in their modern form in the 1940s."
"41","computer","calculator.n.01","n",1940,0,85,"figurer","an expert at calculation /or at operating calculating machines/",5,"calculator/reckoner/figurer/estimator/computer","n","WSE","new sense","The first computer devices were conceived of in the 19th century, and only emerged in their modern form in the 1940s."
"42","computer","calculator.n.01","n",1960,0,82,"figurer","an expert at calculation /or at operating calculating machines/",5,"calculator/reckoner/figurer/estimator/computer","n","WSE","broadened sense","computers used for practical calculations: http://www.bbc.com/news/magazine-23509153 * because we could not find the previous sense, we accept a new path as a broadening event"
"43","computer","calculator.n.01","n",1960,0,74,"calculator","an expert at calculation /or at operating calculating machines/",5,"calculator/reckoner/figurer/estimator/computer","n","WSE","broadened sense","computers used for practical calculations: http://www.bbc.com/news/magazine-23509153 * because we could not find the previous sense, we accept a new path as a broadening event"
"44","computer","calculator.n.01","n",1960,0,86,"estimator","an expert at calculation /or at operating calculating machines/",5,"calculator/reckoner/figurer/estimator/computer","n","WSE","broadened sense","computers used for practical calculations: http://www.bbc.com/news/magazine-23509153 * because we could not find the previous sense, we accept a new path as a broadening event"
"45","computer","calculator.n.01","n",1960,0,78,"reckoner","an expert at calculation /or at operating calculating machines/",5,"calculator/reckoner/figurer/estimator/computer","n","WSE","broadened sense","computers used for practical calculations: http://www.bbc.com/news/magazine-23509153 * because we could not find the previous sense, we accept a new path as a broadening event"
"46","computer","calculator.n.01","n",1970,0,83,"figurer","an expert at calculation /or at operating calculating machines/",5,"calculator/reckoner/figurer/estimator/computer","n","WSE","broadened sense","computers used for word processing: http://www.bbc.com/news/magazine-23509153"
"47","computer","calculator.n.01","n",1970,0,75,"calculator","an expert at calculation /or at operating calculating machines/",5,"calculator/reckoner/figurer/estimator/computer","n","WSE","broadened sense","computers used for word processing: http://www.bbc.com/news/magazine-23509153"
"48","computer","calculator.n.01","n",1970,0,87,"estimator","an expert at calculation /or at operating calculating machines/",5,"calculator/reckoner/figurer/estimator/computer","n","WSE","broadened sense","computers used for word processing: http://www.bbc.com/news/magazine-23509153"
"49","computer","calculator.n.01","n",1970,0,79,"reckoner","an expert at calculation /or at operating calculating machines/",5,"calculator/reckoner/figurer/estimator/computer","n","WSE","broadened sense","computers used for word processing: http://www.bbc.com/news/magazine-23509153"
"50","computer","calculator.n.01","n",1990,0,80,"reckoner","an expert at calculation /or at operating calculating machines/",5,"calculator/reckoner/figurer/estimator/computer","n","WSE","broadened sense","personal computer boom http://www.nytimes.com/1994/08/30/business/market-place-the-booming-personal-computer-industry-defies-economic-gravity.html"
"51","computer","calculator.n.01","n",1990,0,84,"figurer","an expert at calculation /or at operating calculating machines/",5,"calculator/reckoner/figurer/estimator/computer","n","WSE","broadened sense","personal computer boom http://www.nytimes.com/1994/08/30/business/market-place-the-booming-personal-computer-industry-defies-economic-gravity.html"
"52","computer","calculator.n.01","n",1990,0,76,"calculator","an expert at calculation /or at operating calculating machines/",5,"calculator/reckoner/figurer/estimator/computer","n","WSE","broadened sense","personal computer boom http://www.nytimes.com/1994/08/30/business/market-place-the-booming-personal-computer-industry-defies-economic-gravity.html"
"53","computer","calculator.n.01","n",1990,0,88,"estimator","an expert at calculation /or at operating calculating machines/",5,"calculator/reckoner/figurer/estimator/computer","n","WSE","broadened sense","personal computer boom http://www.nytimes.com/1994/08/30/business/market-place-the-booming-personal-computer-industry-defies-economic-gravity.html"
"54","computer","computer.n.01","n",1940,1,57,"computing_machine","a machine for performing calculations automatically",6,"computer/computing_machine/computing_device/data_processor/electronic_computer/information_processing_system","n","WSE","new sense","The first computer devices were conceived of in the 19th century, and only emerged in their modern form in the 1940s."
"55","computer","computer.n.01","n",1940,1,65,"data_processor","a machine for performing calculations automatically",6,"computer/computing_machine/computing_device/data_processor/electronic_computer/information_processing_system","n","WSE","new sense","The first computer devices were conceived of in the 19th century, and only emerged in their modern form in the 1940s."
"56","computer","computer.n.01","n",1940,1,73,"information_processing_system","a machine for performing calculations automatically",6,"computer/computing_machine/computing_device/data_processor/electronic_computer/information_processing_system","n","WSE","new sense","The first computer devices were conceived of in the 19th century, and only emerged in their modern form in the 1940s."
"57","computer","computer.n.01","n",1940,1,61,"computing_device","a machine for performing calculations automatically",6,"computer/computing_machine/computing_device/data_processor/electronic_computer/information_processing_system","n","WSE","new sense","The first computer devices were conceived of in the 19th century, and only emerged in their modern form in the 1940s."
"58","computer","computer.n.01","n",1940,1,69,"electronic_computer","a machine for performing calculations automatically",6,"computer/computing_machine/computing_device/data_processor/electronic_computer/information_processing_system","n","WSE","new sense","The first computer devices were conceived of in the 19th century, and only emerged in their modern form in the 1940s."
"59","computer","computer.n.01","n",1960,1,54,"computing_machine","a machine for performing calculations automatically",6,"computer/computing_machine/computing_device/data_processor/electronic_computer/information_processing_system","n","WSE","broadened sense","computers used for practical calculations: http://www.bbc.com/news/magazine-23509153 * because we could not find the previous sense, we accept a new path as a broadening event"
"60","computer","computer.n.01","n",1960,1,66,"electronic_computer","a machine for performing calculations automatically",6,"computer/computing_machine/computing_device/data_processor/electronic_computer/information_processing_system","n","WSE","broadened sense","computers used for practical calculations: http://www.bbc.com/news/magazine-23509153 * because we could not find the previous sense, we accept a new path as a broadening event"
"61","computer","computer.n.01","n",1960,1,58,"computing_device","a machine for performing calculations automatically",6,"computer/computing_machine/computing_device/data_processor/electronic_computer/information_processing_system","n","WSE","broadened sense","computers used for practical calculations: http://www.bbc.com/news/magazine-23509153 * because we could not find the previous sense, we accept a new path as a broadening event"
"62","computer","computer.n.01","n",1960,1,70,"information_processing_system","a machine for performing calculations automatically",6,"computer/computing_machine/computing_device/data_processor/electronic_computer/information_processing_system","n","WSE","broadened sense","computers used for practical calculations: http://www.bbc.com/news/magazine-23509153 * because we could not find the previous sense, we accept a new path as a broadening event"
"63","computer","computer.n.01","n",1960,1,62,"data_processor","a machine for performing calculations automatically",6,"computer/computing_machine/computing_device/data_processor/electronic_computer/information_processing_system","n","WSE","broadened sense","computers used for practical calculations: http://www.bbc.com/news/magazine-23509153 * because we could not find the previous sense, we accept a new path as a broadening event"
"64","computer","computer.n.01","n",1970,0,55,"computing_machine","a machine for performing calculations automatically",6,"computer/computing_machine/computing_device/data_processor/electronic_computer/information_processing_system","n","WSE","broadened sense","computers used for word processing: http://www.bbc.com/news/magazine-23509153"
"65","computer","computer.n.01","n",1970,0,71,"information_processing_system","a machine for performing calculations automatically",6,"computer/computing_machine/computing_device/data_processor/electronic_computer/information_processing_system","n","WSE","broadened sense","computers used for word processing: http://www.bbc.com/news/magazine-23509153"
"66","computer","computer.n.01","n",1970,0,63,"data_processor","a machine for performing calculations automatically",6,"computer/computing_machine/computing_device/data_processor/electronic_computer/information_processing_system","n","WSE","broadened sense","computers used for word processing: http://www.bbc.com/news/magazine-23509153"
"67","computer","computer.n.01","n",1970,0,59,"computing_device","a machine for performing calculations automatically",6,"computer/computing_machine/computing_device/data_processor/electronic_computer/information_processing_system","n","WSE","broadened sense","computers used for word processing: http://www.bbc.com/news/magazine-23509153"
"68","computer","computer.n.01","n",1970,0,67,"electronic_computer","a machine for performing calculations automatically",6,"computer/computing_machine/computing_device/data_processor/electronic_computer/information_processing_system","n","WSE","broadened sense","computers used for word processing: http://www.bbc.com/news/magazine-23509153"
"69","computer","computer.n.01","n",1990,0,56,"computing_machine","a machine for performing calculations automatically",6,"computer/computing_machine/computing_device/data_processor/electronic_computer/information_processing_system","n","WSE","broadened sense","personal computer boom http://www.nytimes.com/1994/08/30/business/market-place-the-booming-personal-computer-industry-defies-economic-gravity.html"
"70","computer","computer.n.01","n",1990,0,68,"electronic_computer","a machine for performing calculations automatically",6,"computer/computing_machine/computing_device/data_processor/electronic_computer/information_processing_system","n","WSE","broadened sense","personal computer boom http://www.nytimes.com/1994/08/30/business/market-place-the-booming-personal-computer-industry-defies-economic-gravity.html"
"71","computer","computer.n.01","n",1990,0,60,"computing_device","a machine for performing calculations automatically",6,"computer/computing_machine/computing_device/data_processor/electronic_computer/information_processing_system","n","WSE","broadened sense","personal computer boom http://www.nytimes.com/1994/08/30/business/market-place-the-booming-personal-computer-industry-defies-economic-gravity.html"
"72","computer","computer.n.01","n",1990,0,72,"information_processing_system","a machine for performing calculations automatically",6,"computer/computing_machine/computing_device/data_processor/electronic_computer/information_processing_system","n","WSE","broadened sense","personal computer boom http://www.nytimes.com/1994/08/30/business/market-place-the-booming-personal-computer-industry-defies-economic-gravity.html"
"73","computer","computer.n.01","n",1990,0,64,"data_processor","a machine for performing calculations automatically",6,"computer/computing_machine/computing_device/data_processor/electronic_computer/information_processing_system","n","WSE","broadened sense","personal computer boom http://www.nytimes.com/1994/08/30/business/market-place-the-booming-personal-computer-industry-defies-economic-gravity.html"
"74","cool","cool.s.02","adj",1964,1,1,"coolheaded","marked by calm self/control /especially in trying circumstances// unemotional",3,"cool/coolheaded/nerveless","s","WSE","new related sense","a way of being"
"75","cool","cool.s.02","adj",1964,1,2,"nerveless","marked by calm self/control /especially in trying circumstances// unemotional",3,"cool/coolheaded/nerveless","s","WSE","new related sense","a way of being"
"76","flight","escape.n.01","n",1918,0,93,"escape","the act of escaping physically",2,"escape/flight","n","WSE","new related sense","after WWI Commercial aviation grows rapidly"
"77","flight","flight.n.02","n",1918,1,90,"flying","an instance of traveling by air",2,"flight/flying","n","WSE","new related sense","after WWI Commercial aviation grows rapidly"
"78","flight","flight.n.03","n",1918,0,91,"flight_of_stairs","a stairway /set of steps/ between one floor or landing and the next",3,"flight/flight_of_stairs/flight_of_steps","n","WSE","new related sense","after WWI Commercial aviation grows rapidly"
"79","flight","flight.n.03","n",1918,0,92,"flight_of_steps","a stairway /set of steps/ between one floor or landing and the next",3,"flight/flight_of_stairs/flight_of_steps","n","WSE","new related sense","after WWI Commercial aviation grows rapidly"
"80","flight","trajectory.n.01","n",1918,0,94,"trajectory","the path followed by an object moving through space",2,"trajectory/flight","n","WSE","new related sense","after WWI Commercial aviation grows rapidly"
"81","gay","brave.s.03","adj",1985,0,10,"brave","brightly colored and showy",3,"brave/braw/gay","s","WSE","new sense","Recommended for use instead of homosexual"
"82","gay","brave.s.03","adj",1985,0,11,"braw","brightly colored and showy",3,"brave/braw/gay","s","WSE","new sense","Recommended for use instead of homosexual"
"83","gay","cheery.s.01","adj",1985,0,4,"sunny","bright and pleasant/ promoting a feeling of cheer",3,"cheery/gay/sunny","s","WSE","new sense","Recommended for use instead of homosexual"
"84","gay","cheery.s.01","adj",1985,0,3,"cheery","bright and pleasant/ promoting a feeling of cheer",3,"cheery/gay/sunny","s","WSE","new sense","Recommended for use instead of homosexual"
"85","gay","gay.s.02","adj",1985,0,5,"jocund","full of or showing high/spirited merriment",6,"gay/jocund/jolly/jovial/merry/mirthful","s","WSE","new sense","Recommended for use instead of homosexual"
"86","gay","gay.s.02","adj",1985,0,9,"mirthful","full of or showing high/spirited merriment",6,"gay/jocund/jolly/jovial/merry/mirthful","s","WSE","new sense","Recommended for use instead of homosexual"
"87","gay","gay.s.02","adj",1985,0,6,"jolly","full of or showing high/spirited merriment",6,"gay/jocund/jolly/jovial/merry/mirthful","s","WSE","new sense","Recommended for use instead of homosexual"
"88","gay","gay.s.02","adj",1985,0,8,"merry","full of or showing high/spirited merriment",6,"gay/jocund/jolly/jovial/merry/mirthful","s","WSE","new sense","Recommended for use instead of homosexual"
"89","gay","gay.s.02","adj",1985,0,7,"jovial","full of or showing high/spirited merriment",6,"gay/jocund/jolly/jovial/merry/mirthful","s","WSE","new sense","Recommended for use instead of homosexual"
"90","gay","gay.s.05","adj",1985,0,14,"merry","offering fun and gaiety",4,"gay/festal/festive/merry","s","WSE","new sense","Recommended for use instead of homosexual"
"91","gay","gay.s.05","adj",1985,0,12,"festal","offering fun and gaiety",4,"gay/festal/festive/merry","s","WSE","new sense","Recommended for use instead of homosexual"
"92","gay","gay.s.05","adj",1985,0,13,"festive","offering fun and gaiety",4,"gay/festal/festive/merry","s","WSE","new sense","Recommended for use instead of homosexual"
"93","gay","gay.s.06","adj",1985,1,16,"homophile","homosexual or arousing homosexual desires",3,"gay/queer/homophile","s","WSE","new sense","Recommended for use instead of homosexual"
"94","gay","gay.s.06","adj",1985,1,15,"queer","homosexual or arousing homosexual desires",3,"gay/queer/homophile","s","WSE","new sense","Recommended for use instead of homosexual"
"95","internet","internet.n.01","n",1974,0,96,"net","a computer network consisting of a worldwide network of computer networks that use the TCP/IP network protocols to facilitate data transmission and exchange",3,"internet/net/cyberspace","n","WSE","new sense","...In December 1974, RFC 675 – Specification of Internet Transmission Control Program, by Vinton Cerf, Yogen Dalal, and Carl Sunshine, used the term internet as a shorthand for internetworking http://en.wikipedia.org/wiki/Internet#History"
"96","internet","internet.n.01","n",1974,0,98,"cyberspace","a computer network consisting of a worldwide network of computer networks that use the TCP/IP network protocols to facilitate data transmission and exchange",3,"internet/net/cyberspace","n","WSE","new sense","...In December 1974, RFC 675 – Specification of Internet Transmission Control Program, by Vinton Cerf, Yogen Dalal, and Carl Sunshine, used the term internet as a shorthand for internetworking http://en.wikipedia.org/wiki/Internet#History"
"97","internet","internet.n.01","n",1995,1,95,"net","a computer network consisting of a worldwide network of computer networks that use the TCP/IP network protocols to facilitate data transmission and exchange",3,"internet/net/cyberspace","n","WSE","broadened sense","Used by common peopel ""The Internet was fully commercialized in the U.S. by 1995, …"" http://en.wikipedia.org/wiki/Internet#History *accept new path because no previous sense was found."
"98","internet","internet.n.01","n",1995,1,97,"cyberspace","a computer network consisting of a worldwide network of computer networks that use the TCP/IP network protocols to facilitate data transmission and exchange",3,"internet/net/cyberspace","n","WSE","broadened sense","Used by common peopel ""The Internet was fully commercialized in the U.S. by 1995, …"" http://en.wikipedia.org/wiki/Internet#History *accept new path because no previous sense was found."
"99","mail","chain_mail.n.01","n",1990,0,103,"chain_mail","/Middle Ages/ flexible armor made of interlinked metal rings",7,"chain_mail/ring_mail/mail/chain_armor/chain_armour/ring_armor/ring_armour","n","WSE","broadened sense","Electronic mail, most commonly referred to as email or e-mail since ca. 1993"
"100","mail","chain_mail.n.01","n",1990,0,104,"ring_mail","/Middle Ages/ flexible armor made of interlinked metal rings",7,"chain_mail/ring_mail/mail/chain_armor/chain_armour/ring_armor/ring_armour","n","WSE","broadened sense","Electronic mail, most commonly referred to as email or e-mail since ca. 1993"
"101","mail","chain_mail.n.01","n",1990,0,105,"chain_armor","/Middle Ages/ flexible armor made of interlinked metal rings",7,"chain_mail/ring_mail/mail/chain_armor/chain_armour/ring_armor/ring_armour","n","WSE","broadened sense","Electronic mail, most commonly referred to as email or e-mail since ca. 1993"
"102","mail","chain_mail.n.01","n",1990,0,106,"chain_armour","/Middle Ages/ flexible armor made of interlinked metal rings",7,"chain_mail/ring_mail/mail/chain_armor/chain_armour/ring_armor/ring_armour","n","WSE","broadened sense","Electronic mail, most commonly referred to as email or e-mail since ca. 1993"
"103","mail","chain_mail.n.01","n",1990,0,107,"ring_armor","/Middle Ages/ flexible armor made of interlinked metal rings",7,"chain_mail/ring_mail/mail/chain_armor/chain_armour/ring_armor/ring_armour","n","WSE","broadened sense","Electronic mail, most commonly referred to as email or e-mail since ca. 1993"
"104","mail","chain_mail.n.01","n",1990,0,108,"ring_armour","/Middle Ages/ flexible armor made of interlinked metal rings",7,"chain_mail/ring_mail/mail/chain_armor/chain_armour/ring_armor/ring_armour","n","WSE","broadened sense","Electronic mail, most commonly referred to as email or e-mail since ca. 1993"
"105","mail","mail.n.02","n",1990,0,101,"post","the system whereby messages are transmitted via the post office",4,"mail/mail_service/postal_service/post","n","WSE","broadened sense","Electronic mail, most commonly referred to as email or e-mail since ca. 1993"
"106","mail","mail.n.02","n",1990,0,99,"mail_service","the system whereby messages are transmitted via the post office",4,"mail/mail_service/postal_service/post","n","WSE","broadened sense","Electronic mail, most commonly referred to as email or e-mail since ca. 1993"
"107","mail","mail.n.02","n",1990,0,100,"postal_service","the system whereby messages are transmitted via the post office",4,"mail/mail_service/postal_service/post","n","WSE","broadened sense","Electronic mail, most commonly referred to as email or e-mail since ca. 1993"
"108","mail","mail.n.04","n",1990,0,102,"post","any particular collection of letters or packages that is delivered",2,"mail/post","n","WSE","broadened sense","Electronic mail, most commonly referred to as email or e-mail since ca. 1993"
"109","memory","memory.n.02","n",1960,0,109,"remembering","the cognitive processes whereby past experience is remembered",2,"memory/remembering","n","WSE","new related sense","digital memory"
"110","memory","memory.n.03","n",1960,0,110,"retention","the power of retaining and recalling past experience",4,"memory/retention/retentiveness/retentivity","n","WSE","new related sense","digital memory"
"111","memory","memory.n.03","n",1960,0,111,"retentiveness","the power of retaining and recalling past experience",4,"memory/retention/retentiveness/retentivity","n","WSE","new related sense","digital memory"
"112","memory","memory.n.03","n",1960,0,112,"retentivity","the power of retaining and recalling past experience",4,"memory/retention/retentiveness/retentivity","n","WSE","new related sense","digital memory"
"113","memory","memory.n.04","n",1960,1,113,"computer_memory","an electronic memory device",6,"memory/computer_memory/storage/computer_storage/store/memory_board","n","WSE","new related sense","digital memory"
"114","memory","memory.n.04","n",1960,1,114,"storage","an electronic memory device",6,"memory/computer_memory/storage/computer_storage/store/memory_board","n","WSE","new related sense","digital memory"
"115","memory","memory.n.04","n",1960,1,115,"computer_storage","an electronic memory device",6,"memory/computer_memory/storage/computer_storage/store/memory_board","n","WSE","new related sense","digital memory"
"116","memory","memory.n.04","n",1960,1,116,"store","an electronic memory device",6,"memory/computer_memory/storage/computer_storage/store/memory_board","n","WSE","new related sense","digital memory"
"117","memory","memory.n.04","n",1960,1,117,"memory_board","an electronic memory device",6,"memory/computer_memory/storage/computer_storage/store/memory_board","n","WSE","new related sense","digital memory"
"118","mouse","mouse.n.04","n",1965,1,120,"computer_mouse","a hand/operated electronic device that controls the coordinates of a cursor on your computer screen as you move it around on a pad/ on the bottom of the device is a ball that rolls on the surface of the pad",2,"mouse/computer_mouse","n","WSE","new related sense","The computer mouse was introduced"
"119","mouse","shiner.n.01","n",1965,0,118,"shiner","a swollen bruise caused by a blow to the eye",3,"shiner/black_eye/mouse","n","WSE","new related sense","The computer mouse was introduced"
"120","mouse","shiner.n.01","n",1965,0,119,"black_eye","a swollen bruise caused by a blow to the eye",3,"shiner/black_eye/mouse","n","WSE","new related sense","The computer mouse was introduced"
"121","phone","earphone.n.01","n",1881,0,129,"earphone","electro/acoustic transducer for converting electric signals into sounds/ it is held over or inserted into the ear",4,"earphone/earpiece/headphone/phone","n","WSE","broadened sense","first used for communication outside a test environment, http://www.elon.edu/e-web/predictions/150/1870.xhtml"
"122","phone","earphone.n.01","n",1881,0,131,"earpiece","electro/acoustic transducer for converting electric signals into sounds/ it is held over or inserted into the ear",4,"earphone/earpiece/headphone/phone","n","WSE","broadened sense","first used for communication outside a test environment, http://www.elon.edu/e-web/predictions/150/1870.xhtml"
"123","phone","earphone.n.01","n",1881,0,133,"headphone","electro/acoustic transducer for converting electric signals into sounds/ it is held over or inserted into the ear",4,"earphone/earpiece/headphone/phone","n","WSE","broadened sense","first used for communication outside a test environment, http://www.elon.edu/e-web/predictions/150/1870.xhtml"
"124","phone","earphone.n.01","n",1985,0,130,"earphone","electro/acoustic transducer for converting electric signals into sounds/ it is held over or inserted into the ear",4,"earphone/earpiece/headphone/phone","n","WSE","broadened sense","mobile phone, a private device"
"125","phone","earphone.n.01","n",1985,0,132,"earpiece","electro/acoustic transducer for converting electric signals into sounds/ it is held over or inserted into the ear",4,"earphone/earpiece/headphone/phone","n","WSE","broadened sense","mobile phone, a private device"
"126","phone","earphone.n.01","n",1985,0,134,"headphone","electro/acoustic transducer for converting electric signals into sounds/ it is held over or inserted into the ear",4,"earphone/earpiece/headphone/phone","n","WSE","broadened sense","mobile phone, a private device"
"127","phone","phone.n.02","n",1881,0,127,"sound","/phonetics/ an individual sound unit of speech without concern as to whether or not it is a phoneme of some language",3,"phone/speech_sound/sound","n","WSE","broadened sense","first used for communication outside a test environment, http://www.elon.edu/e-web/predictions/150/1870.xhtml"
"128","phone","phone.n.02","n",1881,0,125,"speech_sound","/phonetics/ an individual sound unit of speech without concern as to whether or not it is a phoneme of some language",3,"phone/speech_sound/sound","n","WSE","broadened sense","first used for communication outside a test environment, http://www.elon.edu/e-web/predictions/150/1870.xhtml"
"129","phone","phone.n.02","n",1985,0,126,"speech_sound","/phonetics/ an individual sound unit of speech without concern as to whether or not it is a phoneme of some language",3,"phone/speech_sound/sound","n","WSE","broadened sense","mobile phone, a private device"
"130","phone","phone.n.02","n",1985,0,128,"sound","/phonetics/ an individual sound unit of speech without concern as to whether or not it is a phoneme of some language",3,"phone/speech_sound/sound","n","WSE","broadened sense","mobile phone, a private device"
"131","phone","telephone.n.01","n",1881,1,121,"telephone","electronic equipment that converts sound into electrical signals that can be transmitted over distances and then converts received signals back into sounds",3,"telephone/phone/telephone_set","n","WSE","broadened sense","first used for communication outside a test environment, http://www.elon.edu/e-web/predictions/150/1870.xhtml"
"132","phone","telephone.n.01","n",1881,1,123,"telephone_set","electronic equipment that converts sound into electrical signals that can be transmitted over distances and then converts received signals back into sounds",3,"telephone/phone/telephone_set","n","WSE","broadened sense","first used for communication outside a test environment, http://www.elon.edu/e-web/predictions/150/1870.xhtml"
"133","phone","telephone.n.01","n",1985,0,124,"telephone_set","electronic equipment that converts sound into electrical signals that can be transmitted over distances and then converts received signals back into sounds",3,"telephone/phone/telephone_set","n","WSE","broadened sense","mobile phone, a private device"
"134","phone","telephone.n.01","n",1985,0,122,"telephone","electronic equipment that converts sound into electrical signals that can be transmitted over distances and then converts received signals back into sounds",3,"telephone/phone/telephone_set","n","WSE","broadened sense","mobile phone, a private device"
"135","racism","racism.n.02","n",1903,0,135,"racialism","discriminatory or abusive behavior towards members of another race",3,"racism/racialism/racial_discrimination","n","WSE","new  sense",""
"136","racism","racism.n.02","n",1903,0,136,"racial_discrimination","discriminatory or abusive behavior towards members of another race",3,"racism/racialism/racial_discrimination","n","WSE","new  sense",""
"137","record","criminal_record.n.01","n",1920,0,154,"criminal_record","a list of crimes for which an accused person has been previously convicted",2,"criminal_record/record","n","WSE","new related sense","electrical recording: Several record companies and independent inventors, notably Orlando Marsh, were experimenting with equipment and techniques for electrical recording in the early 1920s. Marsh's electrically recorded Autograph Records were already being sold to the public in 1924; http://en.wikipedia.org/wiki/Sound_recording_and_reproduction"
"138","record","criminal_record.n.01","n",1980,0,153,"criminal_record","a list of crimes for which an accused person has been previously convicted",2,"criminal_record/record","n","WSE","broadened sense","digital recording- minidisc"
"139","record","phonograph_record.n.01","n",1920,1,138,"phonograph_record","sound recording consisting of a disk with a continuous groove/ used to reproduce music by rotating while a phonograph needle tracks in the groove",6,"phonograph_record/phonograph_recording/record/disk/disc/platter","n","WSE","new related sense","electrical recording: Several record companies and independent inventors, notably Orlando Marsh, were experimenting with equipment and techniques for electrical recording in the early 1920s. Marsh's electrically recorded Autograph Records were already being sold to the public in 1924; http://en.wikipedia.org/wiki/Sound_recording_and_reproduction"
"140","record","phonograph_record.n.01","n",1920,1,140,"phonograph_recording","sound recording consisting of a disk with a continuous groove/ used to reproduce music by rotating while a phonograph needle tracks in the groove",6,"phonograph_record/phonograph_recording/record/disk/disc/platter","n","WSE","new related sense","electrical recording: Several record companies and independent inventors, notably Orlando Marsh, were experimenting with equipment and techniques for electrical recording in the early 1920s. Marsh's electrically recorded Autograph Records were already being sold to the public in 1924; http://en.wikipedia.org/wiki/Sound_recording_and_reproduction"
"141","record","phonograph_record.n.01","n",1920,1,142,"disk","sound recording consisting of a disk with a continuous groove/ used to reproduce music by rotating while a phonograph needle tracks in the groove",6,"phonograph_record/phonograph_recording/record/disk/disc/platter","n","WSE","new related sense","electrical recording: Several record companies and independent inventors, notably Orlando Marsh, were experimenting with equipment and techniques for electrical recording in the early 1920s. Marsh's electrically recorded Autograph Records were already being sold to the public in 1924; http://en.wikipedia.org/wiki/Sound_recording_and_reproduction"
"142","record","phonograph_record.n.01","n",1920,1,144,"disc","sound recording consisting of a disk with a continuous groove/ used to reproduce music by rotating while a phonograph needle tracks in the groove",6,"phonograph_record/phonograph_recording/record/disk/disc/platter","n","WSE","new related sense","electrical recording: Several record companies and independent inventors, notably Orlando Marsh, were experimenting with equipment and techniques for electrical recording in the early 1920s. Marsh's electrically recorded Autograph Records were already being sold to the public in 1924; http://en.wikipedia.org/wiki/Sound_recording_and_reproduction"
"143","record","phonograph_record.n.01","n",1920,1,146,"platter","sound recording consisting of a disk with a continuous groove/ used to reproduce music by rotating while a phonograph needle tracks in the groove",6,"phonograph_record/phonograph_recording/record/disk/disc/platter","n","WSE","new related sense","electrical recording: Several record companies and independent inventors, notably Orlando Marsh, were experimenting with equipment and techniques for electrical recording in the early 1920s. Marsh's electrically recorded Autograph Records were already being sold to the public in 1924; http://en.wikipedia.org/wiki/Sound_recording_and_reproduction"
"144","record","phonograph_record.n.01","n",1980,0,139,"phonograph_recording","sound recording consisting of a disk with a continuous groove/ used to reproduce music by rotating while a phonograph needle tracks in the groove",6,"phonograph_record/phonograph_recording/record/disk/disc/platter","n","WSE","broadened sense","digital recording- minidisc"
"145","record","phonograph_record.n.01","n",1980,0,143,"disc","sound recording consisting of a disk with a continuous groove/ used to reproduce music by rotating while a phonograph needle tracks in the groove",6,"phonograph_record/phonograph_recording/record/disk/disc/platter","n","WSE","broadened sense","digital recording- minidisc"
"146","record","phonograph_record.n.01","n",1980,0,137,"phonograph_record","sound recording consisting of a disk with a continuous groove/ used to reproduce music by rotating while a phonograph needle tracks in the groove",6,"phonograph_record/phonograph_recording/record/disk/disc/platter","n","WSE","broadened sense","digital recording- minidisc"
"147","record","phonograph_record.n.01","n",1980,0,145,"platter","sound recording consisting of a disk with a continuous groove/ used to reproduce music by rotating while a phonograph needle tracks in the groove",6,"phonograph_record/phonograph_recording/record/disk/disc/platter","n","WSE","broadened sense","digital recording- minidisc"
"148","record","phonograph_record.n.01","n",1980,0,141,"disk","sound recording consisting of a disk with a continuous groove/ used to reproduce music by rotating while a phonograph needle tracks in the groove",6,"phonograph_record/phonograph_recording/record/disk/disc/platter","n","WSE","broadened sense","digital recording- minidisc"
"149","record","record.n.04","n",1920,0,148,"track_record","the sum of recognized accomplishments",2,"record/track_record","n","WSE","new related sense","electrical recording: Several record companies and independent inventors, notably Orlando Marsh, were experimenting with equipment and techniques for electrical recording in the early 1920s. Marsh's electrically recorded Autograph Records were already being sold to the public in 1924; http://en.wikipedia.org/wiki/Sound_recording_and_reproduction"
"150","record","record.n.04","n",1980,0,147,"track_record","the sum of recognized accomplishments",2,"record/track_record","n","WSE","broadened sense","digital recording- minidisc"
"151","record","record.n.05","n",1920,0,152,"book","a compilation of the known facts regarding something or someone",3,"record/record_book/book","n","WSE","new related sense","electrical recording: Several record companies and independent inventors, notably Orlando Marsh, were experimenting with equipment and techniques for electrical recording in the early 1920s. Marsh's electrically recorded Autograph Records were already being sold to the public in 1924; http://en.wikipedia.org/wiki/Sound_recording_and_reproduction"
"152","record","record.n.05","n",1920,0,150,"record_book","a compilation of the known facts regarding something or someone",3,"record/record_book/book","n","WSE","new related sense","electrical recording: Several record companies and independent inventors, notably Orlando Marsh, were experimenting with equipment and techniques for electrical recording in the early 1920s. Marsh's electrically recorded Autograph Records were already being sold to the public in 1924; http://en.wikipedia.org/wiki/Sound_recording_and_reproduction"
"153","record","record.n.05","n",1980,0,151,"book","a compilation of the known facts regarding something or someone",3,"record/record_book/book","n","WSE","broadened sense","digital recording- minidisc"
"154","record","record.n.05","n",1980,0,149,"record_book","a compilation of the known facts regarding something or someone",3,"record/record_book/book","n","WSE","broadened sense","digital recording- minidisc"
"155","rock","rock_'n'_roll.n.01","n",1955,1,163,"rock_and_roll","a genre of popular music originating in the 1950s/ a blend of black rhythm/and/blues with white country/and/western",6,"rock_'n'_roll/rock'n'roll/rock-and-roll/rock_and_roll/rock/rock_music","n","WSE","new sense","1950-1960 birth of rock music"
"156","rock","rock_'n'_roll.n.01","n",1955,1,160,"rock_'n'_roll","a genre of popular music originating in the 1950s/ a blend of black rhythm/and/blues with white country/and/western",6,"rock_'n'_roll/rock'n'roll/rock-and-roll/rock_and_roll/rock/rock_music","n","WSE","new sense","1950-1960 birth of rock music"
"157","rock","rock_'n'_roll.n.01","n",1955,1,161,"rock'n'roll","a genre of popular music originating in the 1950s/ a blend of black rhythm/and/blues with white country/and/western",6,"rock_'n'_roll/rock'n'roll/rock-and-roll/rock_and_roll/rock/rock_music","n","WSE","new sense","1950-1960 birth of rock music"
"158","rock","rock_'n'_roll.n.01","n",1955,1,162,"rock-and-roll","a genre of popular music originating in the 1950s/ a blend of black rhythm/and/blues with white country/and/western",6,"rock_'n'_roll/rock'n'roll/rock-and-roll/rock_and_roll/rock/rock_music","n","WSE","new sense","1950-1960 birth of rock music"
"159","rock","rock_'n'_roll.n.01","n",1955,1,164,"rock_music","a genre of popular music originating in the 1950s/ a blend of black rhythm/and/blues with white country/and/western",6,"rock_'n'_roll/rock'n'roll/rock-and-roll/rock_and_roll/rock/rock_music","n","WSE","new sense","1950-1960 birth of rock music"
"160","rock","rock_candy.n.01","n",1955,0,159,"rock_candy","hard bright/colored stick candy /typically flavored with peppermint/",2,"rock_candy/rock","n","WSE","new sense","1950-1960 birth of rock music"
"161","rock","rock.n.01","n",1955,0,155,"stone","a lump or mass of hard consolidated mineral matter",2,"rock/stone","n","WSE","new sense","1950-1960 birth of rock music"
"162","rock","rock.n.02","n",1955,0,156,"stone","material consisting of the aggregate of minerals like those making up the Earth/s crust",2,"rock/stone","n","WSE","new sense","1950-1960 birth of rock music"
"163","rock","rock.n.03","n",1955,0,157,"Rock","United States gynecologist and devout Catholic who conducted the first clinical trials of the oral contraceptive pill /1890/1984/",2,"Rock/John_Rock","n","WSE","new sense","1950-1960 birth of rock music"
"164","rock","rock.n.03","n",1955,0,158,"John_Rock","United States gynecologist and devout Catholic who conducted the first clinical trials of the oral contraceptive pill /1890/1984/",2,"Rock/John_Rock","n","WSE","new sense","1950-1960 birth of rock music"
"165","rock","rock.n.07","n",1955,0,165,"careen","pitching dangerously to one side",4,"rock/careen/sway/tilt","n","WSE","new sense","1950-1960 birth of rock music"
"166","rock","rock.n.07","n",1955,0,166,"sway","pitching dangerously to one side",4,"rock/careen/sway/tilt","n","WSE","new sense","1950-1960 birth of rock music"
"167","rock","rock.n.07","n",1955,0,167,"tilt","pitching dangerously to one side",4,"rock/careen/sway/tilt","n","WSE","new sense","1950-1960 birth of rock music"
"168","tank","cooler.n.03","n",1916,0,174,"cooler","a cell for violent prisoners",2,"cooler/tank","n","WSE","new sense","first tank in battle"
"169","tank","tank_car.n.01","n",1916,0,173,"tank_car","a freight car that transports liquids or gases in bulk",2,"tank_car/tank","n","WSE","new sense","first tank in battle"
"170","tank","tank.n.01","n",1916,1,168,"army_tank","an enclosed armored military vehicle/ has a cannon and moves on caterpillar treads",4,"tank/army_tank/armored_combat_vehicle/armoured_combat_vehicle","n","WSE","new sense","first tank in battle"
"171","tank","tank.n.01","n",1916,1,169,"armored_combat_vehicle","an enclosed armored military vehicle/ has a cannon and moves on caterpillar treads",4,"tank/army_tank/armored_combat_vehicle/armoured_combat_vehicle","n","WSE","new sense","first tank in battle"
"172","tank","tank.n.01","n",1916,1,170,"armoured_combat_vehicle","an enclosed armored military vehicle/ has a cannon and moves on caterpillar treads",4,"tank/army_tank/armored_combat_vehicle/armoured_combat_vehicle","n","WSE","new sense","first tank in battle"
"173","tank","tank.n.02","n",1916,0,171,"storage_tank","a large /usually metallic/ vessel for holding gases or liquids",2,"tank/storage_tank","n","WSE","new sense","first tank in battle"
"174","tank","tank.n.03","n",1916,0,172,"tankful","as much as a tank will hold",2,"tank/tankful","n","WSE","new sense","first tank in battle"
"175","tape","magnetic_tape.n.01","n",1960,1,179,"magnetic_tape","memory device consisting of a long thin plastic strip coated with iron oxide/ used to record audio or video signals or to store computer information",3,"magnetic_tape/mag_tape/tape","n","WSE","new related sense","common household use of the magnetic tape"
"176","tape","magnetic_tape.n.01","n",1960,1,180,"mag_tape","memory device consisting of a long thin plastic strip coated with iron oxide/ used to record audio or video signals or to store computer information",3,"magnetic_tape/mag_tape/tape","n","WSE","new related sense","common household use of the magnetic tape"
"177","tape","tape.n.02","n",1960,1,175,"tape_recording","a recording made on magnetic tape",3,"tape/tape_recording/taping","n","WSE","new related sense","common household use of the magnetic tape"
"178","tape","tape.n.02","n",1960,1,176,"taping","a recording made on magnetic tape",3,"tape/tape_recording/taping","n","WSE","new related sense","common household use of the magnetic tape"
"179","tape","tape.n.04","n",1960,0,177,"tapeline","measuring instrument consisting of a narrow strip /cloth or metal/ marked in inches or centimeters and used for measuring lengths",3,"tape/tapeline/tape_measure","n","WSE","new related sense","common household use of the magnetic tape"
"180","tape","tape.n.04","n",1960,0,178,"tape_measure","measuring instrument consisting of a narrow strip /cloth or metal/ marked in inches or centimeters and used for measuring lengths",3,"tape/tapeline/tape_measure","n","WSE","new related sense","common household use of the magnetic tape"
"181","telephone","telephone.n.01","n",1876,0,186,"telephone_set","electronic equipment that converts sound into electrical signals that can be transmitted over distances and then converts received signals back into sounds",3,"telephone/phone/telephone_set","n","WSE","new sense","Alexander Graham Bell makes the world's first long distance telephone call, about 6 miles between Brantford and Paris, Ontario, Canada."
"182","telephone","telephone.n.01","n",1876,0,183,"phone","electronic equipment that converts sound into electrical signals that can be transmitted over distances and then converts received signals back into sounds",3,"telephone/phone/telephone_set","n","WSE","new sense","Alexander Graham Bell makes the world's first long distance telephone call, about 6 miles between Brantford and Paris, Ontario, Canada."
"183","telephone","telephone.n.01","n",1881,1,181,"phone","electronic equipment that converts sound into electrical signals that can be transmitted over distances and then converts received signals back into sounds",3,"telephone/phone/telephone_set","n","WSE","broadened sense","first used for communication outside a test environment, http://www.elon.edu/e-web/predictions/150/1870.xhtml"
"184","telephone","telephone.n.01","n",1881,1,184,"telephone_set","electronic equipment that converts sound into electrical signals that can be transmitted over distances and then converts received signals back into sounds",3,"telephone/phone/telephone_set","n","WSE","broadened sense","first used for communication outside a test environment, http://www.elon.edu/e-web/predictions/150/1870.xhtml"
"185","telephone","telephone.n.01","n",1985,0,185,"telephone_set","electronic equipment that converts sound into electrical signals that can be transmitted over distances and then converts received signals back into sounds",3,"telephone/phone/telephone_set","n","WSE","broadened sense","mobile phone, a private device"
"186","telephone","telephone.n.01","n",1985,0,182,"phone","electronic equipment that converts sound into electrical signals that can be transmitted over distances and then converts received signals back into sounds",3,"telephone/phone/telephone_set","n","WSE","broadened sense","mobile phone, a private device"
"187","telephone","telephone.n.02","n",1876,0,189,"telephony","transmitting speech at a distance",2,"telephone/telephony","n","WSE","new sense","Alexander Graham Bell makes the world's first long distance telephone call, about 6 miles between Brantford and Paris, Ontario, Canada."
"188","telephone","telephone.n.02","n",1881,1,187,"telephony","transmitting speech at a distance",2,"telephone/telephony","n","WSE","broadened sense","first used for communication outside a test environment, http://www.elon.edu/e-web/predictions/150/1870.xhtml"
"189","telephone","telephone.n.02","n",1985,0,188,"telephony","transmitting speech at a distance",2,"telephone/telephony","n","WSE","broadened sense","mobile phone, a private device"
"190","train","caravan.n.01","n",1814,0,195,"caravan","a procession /of wagons or mules or camels/ traveling together in single file",3,"caravan/train/wagon_train","n","WSE","new related sense","A number of railway carriages, vans, or trucks coupled together, with or without a locomotive."
"191","train","caravan.n.01","n",1814,0,197,"wagon_train","a procession /of wagons or mules or camels/ traveling together in single file",3,"caravan/train/wagon_train","n","WSE","new related sense","A number of railway carriages, vans, or trucks coupled together, with or without a locomotive."
"192","train","caravan.n.01","n",1863,0,194,"caravan","a procession /of wagons or mules or camels/ traveling together in single file",3,"caravan/train/wagon_train","n","WSE","broadened sense","london subway"
"193","train","caravan.n.01","n",1863,0,196,"wagon_train","a procession /of wagons or mules or camels/ traveling together in single file",3,"caravan/train/wagon_train","n","WSE","broadened sense","london subway"
"194","train","gearing.n.01","n",1814,0,201,"gear","wheelwork consisting of a connected set of rotating gears by which force is transmitted or motion or torque is changed",5,"gearing/gear/geartrain/power_train/train","n","WSE","new related sense","A number of railway carriages, vans, or trucks coupled together, with or without a locomotive."
"195","train","gearing.n.01","n",1814,0,199,"gearing","wheelwork consisting of a connected set of rotating gears by which force is transmitted or motion or torque is changed",5,"gearing/gear/geartrain/power_train/train","n","WSE","new related sense","A number of railway carriages, vans, or trucks coupled together, with or without a locomotive."
"196","train","gearing.n.01","n",1814,0,205,"power_train","wheelwork consisting of a connected set of rotating gears by which force is transmitted or motion or torque is changed",5,"gearing/gear/geartrain/power_train/train","n","WSE","new related sense","A number of railway carriages, vans, or trucks coupled together, with or without a locomotive."
"197","train","gearing.n.01","n",1814,0,203,"geartrain","wheelwork consisting of a connected set of rotating gears by which force is transmitted or motion or torque is changed",5,"gearing/gear/geartrain/power_train/train","n","WSE","new related sense","A number of railway carriages, vans, or trucks coupled together, with or without a locomotive."
"198","train","gearing.n.01","n",1863,0,198,"gearing","wheelwork consisting of a connected set of rotating gears by which force is transmitted or motion or torque is changed",5,"gearing/gear/geartrain/power_train/train","n","WSE","broadened sense","london subway"
"199","train","gearing.n.01","n",1863,0,204,"power_train","wheelwork consisting of a connected set of rotating gears by which force is transmitted or motion or torque is changed",5,"gearing/gear/geartrain/power_train/train","n","WSE","broadened sense","london subway"
"200","train","gearing.n.01","n",1863,0,200,"gear","wheelwork consisting of a connected set of rotating gears by which force is transmitted or motion or torque is changed",5,"gearing/gear/geartrain/power_train/train","n","WSE","broadened sense","london subway"
"201","train","gearing.n.01","n",1863,0,202,"geartrain","wheelwork consisting of a connected set of rotating gears by which force is transmitted or motion or torque is changed",5,"gearing/gear/geartrain/power_train/train","n","WSE","broadened sense","london subway"
"202","train","string.n.04","n",1814,0,193,"string","a sequentially ordered set of things or events or ideas in which each successive member is related to the preceding",2,"string/train","n","WSE","new related sense","A number of railway carriages, vans, or trucks coupled together, with or without a locomotive."
"203","train","string.n.04","n",1863,0,192,"string","a sequentially ordered set of things or events or ideas in which each successive member is related to the preceding",2,"string/train","n","WSE","broadened sense","london subway"
"204","train","train.n.01","n",1814,1,191,"railroad_train","public transport provided by a line of railway cars coupled together and drawn by a locomotive",2,"train/railroad_train","n","WSE","new related sense","A number of railway carriages, vans, or trucks coupled together, with or without a locomotive."
"205","train","train.n.01","n",1863,0,190,"railroad_train","public transport provided by a line of railway cars coupled together and drawn by a locomotive",2,"train/railroad_train","n","WSE","broadened sense","london subway"
"206","travel","travel.v.01","v",1875,0,206,"go","change location/ move/ travel/ or proceed/ also metaphorically",4,"travel/go/move/locomote","v","WSE","broadened sense","worker's holidays, also normal people travel http://www.history.uk.com/history/history-british-tourism-british-tou/"
"207","travel","travel.v.01","v",1875,0,207,"move","change location/ move/ travel/ or proceed/ also metaphorically",4,"travel/go/move/locomote","v","WSE","broadened sense","worker's holidays, also normal people travel http://www.history.uk.com/history/history-british-tourism-british-tou/"
"208","travel","travel.v.01","v",1875,0,208,"locomote","change location/ move/ travel/ or proceed/ also metaphorically",4,"travel/go/move/locomote","v","WSE","broadened sense","worker's holidays, also normal people travel http://www.history.uk.com/history/history-british-tourism-british-tou/"
"209","travel","travel.v.02","v",1875,1,209,"journey","undertake a journey or trip",2,"travel/journey","v","WSE","broadened sense","worker's holidays, also normal people travel http://www.history.uk.com/history/history-british-tourism-british-tou/"
"210","travel","travel.v.03","v",1875,1,210,"trip","make a trip for pleasure",3,"travel/trip/jaunt","v","WSE","broadened sense","worker's holidays, also normal people travel http://www.history.uk.com/history/history-british-tourism-british-tou/"
"211","travel","travel.v.03","v",1875,1,211,"jaunt","make a trip for pleasure",3,"travel/trip/jaunt","v","WSE","broadened sense","worker's holidays, also normal people travel http://www.history.uk.com/history/history-british-tourism-british-tou/"
"212","travel","travel.v.04","v",1875,1,212,"journey","travel upon or across",2,"travel/journey","v","WSE","broadened sense","worker's holidays, also normal people travel http://www.history.uk.com/history/history-british-tourism-british-tou/"
"213","travel","travel.v.06","v",1875,0,213,"move_around","travel from place to place/ as for the purpose of finding work/ preaching/ or acting as a judge",2,"travel/move_around","v","WSE","broadened sense","worker's holidays, also normal people travel http://www.history.uk.com/history/history-british-tourism-british-tou/"
